Date,Sales,Quantity,Transactions,Sales_Lag1,Quantity_Lag1,Sales_Lag7,Quantity_Lag7,Sales_Lag30,Quantity_Lag30,Sales_MA7,Sales_Std7,Quantity_MA7,Sales_MA14,Sales_Std14,Quantity_MA14,Sales_MA30,Sales_Std30,Quantity_MA30,Year,Month,Quarter,DayOfWeek,DayOfMonth,WeekOfYear,IsWeekend
2011-01-16,7242.06,4204,642,47576.9,23149.0,28836.59,17160.0,58960.79,26919.0,29877.17714285714,21090.393660167276,13952.42857142857,28042.885714285716,17788.969008047876,13629.42857142857,36393.51933333333,20543.674500879395,16622.833333333332,2011,1,1,6,16,2,1
2011-01-17,29333.02,13397,2551,7242.06,4204.0,15778.2,8202.0,47748.38,31329.0,31813.579999999994,20182.89534395483,14694.57142857143,26759.23785714286,16919.307062651675,13471.142857142857,35779.674,20467.676708295126,16025.1,2011,1,1,0,17,3,0
2011-01-18,95978.05,82978,1428,29333.02,13397.0,24569.07,12868.0,46943.71,16199.0,42014.86285714286,31038.225541287375,24710.285714285714,33171.95785714286,24042.041926132126,19178.14285714286,37414.152,23169.47391874957,18251.066666666666,2011,1,1,1,18,3,0
2011-01-19,25934.57,17387,1407,95978.05,82978.0,68655.59,28448.0,31774.95,16450.0,35911.86,29064.152138164412,23130.14285714286,34161.84785714286,23382.905943850117,20009.071428571428,37219.47266666666,23242.910918422494,18282.3,2011,1,1,2,19,3,0
2011-01-20,21246.99,10489,1477,25934.57,17387.0,24693.78,10622.0,54830.46,21795.0,35419.46142857143,29314.005571343903,23111.14285714286,34534.770000000004,23111.476103182024,20141.214285714286,36100.023666666675,23174.103171773517,17905.433333333334,2011,1,1,3,20,3,0
2011-01-21,32640.3,15305,1532,21246.99,10489.0,20624.64,10174.0,99618.2,25220.0,37135.98428571429,28647.50535366554,23844.14285714286,34535.186428571425,23111.439281723873,19822.214285714286,33867.427,19828.58351621078,17574.933333333334,2011,1,1,4,21,3,0
2011-01-23,10400.25,5241,860,32640.3,15305.0,47576.9,23149.0,45389.98,23117.0,31825.034285714286,29811.689025883163,21285.85714285714,32393.572142857145,23903.47730807613,18544.571428571428,32701.10266666667,20153.838342999363,16979.066666666666,2011,1,1,6,23,3,1
2011-01-24,25733.79,12029,1472,10400.25,5241.0,7242.06,4204.0,53586.18,19930.0,34466.71,28036.73867629104,22403.714285714286,32171.943571428572,23953.326191903543,18178.071428571428,31772.689666666665,19796.932249576636,16715.7,2011,1,1,0,24,4,0
2011-01-25,29077.47,15614,1600,25733.79,12029.0,29333.02,13397.0,59182.92,21097.0,34430.20285714286,28044.702705314794,22720.428571428572,33121.89142857143,23512.82986745251,18707.5,30769.17466666667,19110.7204792132,16532.933333333334,2011,1,1,1,25,4,0
2011-01-26,19922.29,10968,1256,29077.47,15614.0,95978.05,82978.0,17329.07,10603.0,23565.094285714287,7245.919042748293,12433.285714285714,32789.97857142857,23675.08847573878,18571.785714285714,30855.61533333333,19053.61203303706,16545.1,2011,1,1,2,26,4,0
2011-01-27,23730.84,11314,1493,19922.29,10968.0,25934.57,17387.0,38006.71,17727.0,23250.27571428571,7173.322544855278,11565.714285714286,29581.067857142858,21372.50927142377,17347.928571428572,30379.753000000004,19047.123715768223,16331.333333333334,2011,1,1,3,27,4,0
2011-01-28,20090.65,9852,895,23730.84,11314.0,21246.99,10489.0,45254.73,20284.0,23085.084285714285,7240.1473458760265,11474.714285714286,29252.272857142863,21488.57110476401,17292.928571428572,29540.950333333334,18923.154705149376,15983.6,2011,1,1,4,28,4,0
2011-01-30,6615.75,3431,714,20090.65,9852.0,32640.3,15305.0,30444.62,18493.0,19367.29142857143,8141.471405789092,9778.42857142857,28251.63785714286,22234.45226586198,16811.285714285714,28746.654666666665,19378.541953559357,15481.533333333333,2011,1,1,6,30,4,1
2011-01-31,23640.36,13415,1473,6615.75,3431.0,10400.25,5241.0,49352.9,29943.0,21258.735714285714,7193.8595637804665,10946.142857142857,26541.885000000002,21543.683417023527,16116.0,27889.57,19000.66045480071,14930.6,2011,1,1,0,31,5,0
2011-02-01,29034.99,15834,1527,23640.36,13415.0,25733.79,12029.0,45418.33,16947.0,21730.335714285717,7631.042594521124,11489.714285714286,28098.522857142856,20816.972485307204,16946.714285714286,27343.45866666667,18712.742538475773,14893.5,2011,2,1,1,1,5,0
2011-02-02,21216.2,9729,1397,29034.99,15834.0,29077.47,15614.0,7534.91,3799.0,20607.29714285714,6914.38488908384,10649.0,27518.75,20892.83818716245,16684.714285714286,27799.501666666667,18377.047817374703,15091.166666666666,2011,2,1,2,2,5,0
2011-02-03,23479.83,15719,978,21216.2,9729.0,19922.29,10968.0,26789.13,14940.0,21115.51714285714,6986.015884335717,11327.714285714286,22340.305714285718,6955.064910869685,11880.5,27689.191666666666,18393.24685996824,15117.133333333333,2011,2,1,3,3,5,0
2011-02-04,25162.19,12705,1202,23479.83,15719.0,23730.84,11314.0,47304.090000000004,15613.0,21319.995714285713,7095.414890142955,11526.42857142857,22285.135714285716,6927.369052417761,11546.07142857143,26951.128333333334,18019.466243938,15020.2,2011,2,1,4,4,5,0
2011-02-06,3457.11,2048,279,25162.19,12705.0,20090.65,9852.0,6199.97,3080.0,18943.77571428571,9832.903263339658,10411.57142857143,21014.43,8569.448637906806,10943.142857142857,26859.699666666667,18134.974113683824,14985.8,2011,2,1,6,6,5,1
2011-02-07,25955.010000000002,9143,1229,3457.11,2048.0,6615.75,3431.0,12076.11,5754.0,21706.527142857143,8404.993947268747,11227.57142857143,20536.90928571429,8041.799274721707,10503.0,27322.32966666667,17920.595396386896,15098.766666666666,2011,2,1,0,7,6,0
2011-02-08,20949.920000000002,10129,1198,25955.010000000002,9143.0,23640.36,13415.0,16026.08,8639.0,21322.178571428572,8363.235195390283,10758.142857142857,21290.457142857143,7494.541591294101,10852.142857142857,27486.45766666667,17835.9175105834,15148.433333333332,2011,2,1,1,8,6,0
2011-02-09,16692.579999999998,7165,877,20949.920000000002,10129.0,29034.99,15834.0,32634.47,19771.0,19558.977142857148,7744.307430368296,9519.714285714286,20644.65642857143,7471.713041623248,10504.714285714286,26955.06133333333,17914.560589269993,14728.233333333334,2011,2,1,2,9,6,0
2011-02-10,14896.460000000001,11893,721,16692.579999999998,7165.0,21216.2,9729.0,40382.85,23128.0,18656.157142857144,7885.98837917338,9828.857142857143,19631.727142857144,7196.738054967799,10238.92857142857,26105.515,17860.055064746313,14353.733333333334,2011,2,1,3,10,6,0
2011-02-11,22873.1,10524,867,14896.460000000001,11893.0,23479.83,15719.0,28836.59,17160.0,18569.481428571427,7827.250206493214,9086.714285714286,19842.499285714286,7248.923659582368,10207.214285714286,25906.732,17861.796774315302,14132.533333333333,2011,2,1,4,11,6,0
2011-02-13,5713.63,2756,609,22873.1,10524.0,25162.19,12705.0,15778.2,8202.0,15791.115714285714,8518.303549022872,7665.428571428572,18555.555714285714,8059.529696575349,9595.92857142857,25571.246333333333,18150.77411204926,13951.0,2011,2,1,6,13,6,1
2011-02-14,26703.510000000002,13595,1087,5713.63,2756.0,3457.11,2048.0,24569.07,12868.0,19112.030000000002,7361.185619576993,9315.0,19027.902857142857,8345.13826745702,9863.285714285714,25642.394333333334,18150.89361113845,13975.233333333334,2011,2,1,0,14,7,0
2011-02-15,39875.74,22694,1314,26703.510000000002,13595.0,25955.010000000002,9143.0,68655.59,28448.0,21100.705714285716,10659.454194616583,11250.857142857143,21403.61642857143,9227.433556420923,11239.214285714286,24683.066,16483.049840697808,13783.433333333332,2011,2,1,1,15,7,0
2011-02-16,24949.1,16156,1184,39875.74,22694.0,20949.920000000002,10129.0,24693.78,10622.0,21672.01714285714,10756.752974841322,12111.857142857143,21497.09785714286,9258.413967688783,11435.0,24691.576666666668,16483.121477724086,13967.9,2011,2,1,2,16,7,0
2011-02-17,26372.670000000002,14428,1714,24949.1,16156.0,16692.579999999998,7165.0,20624.64,10174.0,23054.88714285714,10631.411354534463,13149.42857142857,21306.932142857142,9117.95390062347,11334.57142857143,24883.177666666666,16467.617427568035,14109.7,2011,2,1,3,17,7,0
2011-02-18,16208.75,9181,818,26372.670000000002,14428.0,14896.460000000001,11893.0,47576.9,23149.0,23242.35714285714,10473.976399177358,12762.0,20949.257142857146,9219.437128246129,11295.42857142857,23837.572666666667,15965.190859256985,13644.1,2011,2,1,4,18,7,0
2011-02-20,9624.69,5353,859,16208.75,9181.0,22873.1,10524.0,7242.06,4204.0,21349.727142857148,11679.43533895472,12023.285714285714,19959.604285714286,9660.00683071322,10555.0,23916.99366666667,15885.515000576068,13682.4,2011,2,1,6,20,7,1
2011-02-21,36388.75,21589,1376,9624.69,5353.0,5713.63,2756.0,29333.02,13397.0,25731.887142857147,10533.412313510962,14713.714285714286,20761.50142857143,10550.07072525024,11189.57142857143,24152.184666666668,16020.127360521481,13955.466666666667,2011,2,1,0,21,8,0
2011-02-22,32498.35,21902,1568,36388.75,21589.0,26703.510000000002,13595.0,95978.05,82978.0,26559.721428571425,10845.586284958572,15900.42857142857,22835.875714285714,9707.337233704835,12607.714285714286,22036.194666666666,8747.553496911913,11919.6,2011,2,1,1,22,8,0
2011-02-23,26891.6,13767,1571,32498.35,21902.0,39875.74,22694.0,25934.57,17387.0,24704.844285714287,9169.426185906934,14625.142857142857,22902.775,9733.678227137058,12938.0,22068.095666666668,8763.99014336335,11798.933333333332,2011,2,1,2,23,8,0
2011-02-24,22809.84,11896,1270,26891.6,13767.0,24949.1,16156.0,21246.99,10489.0,24399.235714285714,9195.541162878657,14016.57142857143,23035.626428571424,9717.6536223709,13064.214285714286,22120.190666666665,8763.585959517231,11845.833333333334,2011,2,1,3,24,8,0
2011-02-25,20595.74,10573,970,22809.84,11896.0,26372.670000000002,14428.0,32640.3,15305.0,23573.96,9247.9947412543,13465.857142857143,23314.42357142857,9576.641907627754,13307.642857142857,21718.70533333333,8538.004819202319,11688.1,2011,2,1,4,25,8,0
2011-02-27,9526.5,4870,810,20595.74,10573.0,16208.75,9181.0,10400.25,5241.0,22619.352857142858,10407.195675210702,12850.0,22930.855,10036.249264103928,12806.0,21689.58033333333,8579.336149621146,11675.733333333334,2011,2,1,6,27,8,1
2011-02-28,21755.63,9906,1680,9526.5,4870.0,9624.69,5353.0,25733.79,12029.0,24352.344285714287,8762.802731768857,13500.42857142857,22851.035714285714,10041.186389026941,12761.857142857143,21556.975,8545.348522533386,11604.966666666667,2011,2,1,0,28,9,0
2011-03-01,26354.96,12145,1354,21755.63,9906.0,36388.75,21589.0,29077.47,15614.0,22918.945714285714,7135.2792192921515,12151.285714285714,24325.41642857143,8765.685480256423,13432.5,21466.224666666665,8476.910233505787,11489.333333333334,2011,3,1,1,1,9,0
2011-03-02,18690.79,8617,891,26354.96,12145.0,32498.35,21902.0,19922.29,10968.0,20946.437142857143,5835.952379405696,10253.42857142857,23753.079285714284,8859.553096420786,13076.92857142857,21425.174666666666,8487.619698733499,11410.966666666667,2011,3,1,2,2,9,0
2011-03-03,36404.0,20127,1337,18690.79,8617.0,26891.6,13767.0,23730.84,11314.0,22305.351428571426,8113.926226775058,11162.0,23505.097857142857,8410.783066325459,12893.57142857143,21847.61333333333,8911.144590137676,11704.733333333334,2011,3,1,3,3,9,0
2011-03-04,19506.8,13572,1099,36404.0,20127.0,22809.84,11896.0,20090.65,9852.0,21833.48857142857,8175.508061371363,11401.42857142857,23116.36214285714,8464.505803386062,12709.0,21828.15166666667,8915.750424827631,11828.733333333334,2011,3,1,4,4,9,0
2011-03-06,10005.37,5049,822,19506.8,13572.0,20595.74,10573.0,6615.75,3431.0,20320.578571428574,9339.733071723631,10612.285714285714,21947.269285714287,9087.530937545855,12039.07142857143,21941.139000000003,8735.984995174413,11882.666666666666,2011,3,1,6,6,9,1
2011-03-07,32356.55,14030,1907,10005.37,5049.0,9526.5,4870.0,23640.36,13415.0,23582.014285714286,8918.869684556208,11920.857142857143,23100.683571428573,9324.819071144399,12385.42857142857,22231.67866666667,8937.072375294554,11903.166666666666,2011,3,1,0,7,10,0
2011-03-08,25081.62,14567,1583,32356.55,14030.0,21755.63,9906.0,29034.99,15834.0,24057.155714285713,8893.914031514045,12586.714285714286,24204.75,8483.6289773059,13043.57142857143,22099.899666666668,8862.129357954182,11860.933333333332,2011,3,1,1,8,10,0
2011-03-09,22038.84,11918,1242,25081.62,14567.0,26354.96,12145.0,21216.2,9729.0,23440.567142857144,8857.601860567245,12554.285714285714,23179.756428571425,7731.893154317272,12352.785714285714,22127.321,8860.573288942001,11933.9,2011,3,1,2,9,10,0
2011-03-10,26120.22,15584,1080,22038.84,11918.0,18690.79,8617.0,23479.83,15719.0,24501.914285714283,8635.948283641415,13549.57142857143,22724.175714285717,7317.3798357658225,11901.5,22215.334,8887.543752133855,11929.4,2011,3,1,3,10,10,0
2011-03-11,25475.18,10522,940,26120.22,15584.0,36404.0,20127.0,25162.19,12705.0,22940.65428571429,6948.650814289713,12177.42857142857,22623.002857142856,7264.931127503932,11669.714285714286,22225.767,8891.305234989932,11856.633333333333,2011,3,1,4,11,10,0
2011-03-13,4148.12,2749,534,25475.18,10522.0,19506.8,13572.0,3457.11,2048.0,20746.557142857146,9978.076322215502,10631.285714285714,21290.022857142856,8781.714414174148,11016.357142857143,22248.800666666666,8841.763893395422,11880.0,2011,3,1,6,13,10,1
2011-03-14,26019.55,16765,1091,4148.12,2749.0,10005.37,5049.0,25955.010000000002,9143.0,23034.29714285714,8880.382075415318,12305.0,21677.437857142857,8867.944595935807,11458.642857142857,22250.951999999997,8842.704566994607,12134.066666666668,2011,3,1,0,14,11,0
2011-03-15,23493.49,8960,1277,26019.55,16765.0,32356.55,14030.0,20949.920000000002,10129.0,21768.145714285714,7908.345786774612,11580.714285714286,22675.079999999998,8152.604276596793,11750.785714285714,22335.737666666664,8841.993954894875,12095.1,2011,3,1,1,15,11,0
2011-03-16,21948.36,12947,863,23493.49,8960.0,25081.62,14567.0,16692.579999999998,7165.0,21320.537142857145,7777.129824184776,11349.285714285714,22688.846428571433,8151.094852520959,11968.0,22510.930333333334,8778.16435674277,12287.833333333334,2011,3,1,2,16,11,0
2011-03-17,39904.94,21002,2017,21948.36,12947.0,22038.84,11918.0,14896.460000000001,11893.0,23872.837142857144,10505.29162966095,12647.0,23656.702142857142,9337.94401025454,12600.642857142857,23344.546333333335,9207.105313774095,12591.466666666667,2011,3,1,3,17,11,0
2011-03-18,28171.79,13982,1309,39904.94,21002.0,26120.22,15584.0,22873.1,10524.0,24165.918571428574,10606.569522708473,12418.142857142857,24333.91642857143,9293.788846928144,12983.857142857143,23521.169333333335,9248.479854133677,12706.733333333334,2011,3,1,4,18,11,0
2011-03-20,22153.49,14195,1444,28171.79,13982.0,25475.18,10522.0,5713.63,2756.0,23691.391428571427,10612.534832623553,12942.857142857143,23316.022857142856,8626.571135283046,12560.142857142857,24069.164666666667,8622.844821885355,13088.033333333333,2011,3,1,6,20,11,1
2011-03-21,16715.52,10311,1040,22153.49,14195.0,4148.12,2749.0,26703.510000000002,13595.0,25486.734285714287,7302.007779555967,14023.142857142857,23116.645714285718,8752.715736526663,12327.214285714286,23736.23166666667,8710.00438441793,12978.566666666668,2011,3,1,0,21,12,0
2011-03-22,31515.58,16567,2346,16715.52,10311.0,26019.55,16765.0,39875.74,22694.0,26271.88142857143,7655.758197656297,13994.857142857143,24653.089285714286,8140.675403575313,13149.92857142857,23457.559666666668,8299.908399292808,12774.333333333334,2011,3,1,1,22,12,0
2011-03-23,24091.67,14390,1287,31515.58,16567.0,23493.49,8960.0,24949.1,16156.0,26357.33571428572,7622.844475480432,14770.57142857143,24062.740714285716,7832.9210234736875,13175.642857142857,23428.978666666666,8296.070529754013,12715.466666666667,2011,3,1,2,23,12,0
2011-03-24,36697.14,18240,1544,24091.67,14390.0,21948.36,12947.0,26372.670000000002,14428.0,28464.304285714286,8216.28278962954,15526.714285714286,24892.420714285716,8533.02741189554,13438.0,23773.12766666667,8629.82884570825,12842.533333333333,2011,3,1,3,24,12,0
2011-03-25,31394.21,14096,1340,36697.14,18240.0,39904.94,21002.0,16208.75,9181.0,27248.485714285714,6737.859645715585,14540.142857142857,25560.661428571428,8657.775253625483,13593.57142857143,24279.309666666668,8616.181471238484,13006.366666666667,2011,3,1,4,25,12,0
2011-03-27,9241.35,4530,715,31394.21,14096.0,28171.79,13982.0,9624.69,5353.0,24544.13714285714,9527.175631584512,13189.857142857143,24355.027857142857,9687.815614065996,12804.0,24266.531666666666,8638.918287684113,12978.933333333332,2011,3,1,6,27,12,1
2011-03-28,23176.72,12263,1633,9241.35,4530.0,22153.49,14195.0,36388.75,21589.0,24690.312857142857,9492.167978524423,12913.857142857143,24190.852142857144,9686.848122419275,12928.357142857143,23826.130666666664,8330.90897714955,12668.066666666668,2011,3,1,0,28,13,0
2011-03-29,70711.92,32803,1941,23176.72,12263.0,16715.52,10311.0,32498.35,21902.0,32404.08428571428,19054.669737917156,16127.0,28945.409285714286,14320.164903384128,15075.07142857143,25099.916333333334,11871.599320962856,13031.433333333332,2011,3,1,1,29,13,0
2011-03-30,31885.28,20709,1531,70711.92,32803.0,31515.58,16567.0,26891.6,13767.0,32456.89857142857,19052.3088080609,16718.714285714286,29364.390000000003,14313.783450531428,15356.785714285714,25266.372333333336,11932.440633107664,13262.833333333334,2011,3,1,2,30,13,0
2011-03-31,34335.9,16886,1636,31885.28,20709.0,24091.67,14390.0,22809.84,11896.0,33920.36,18692.70975252208,17075.285714285714,30138.84785714286,14264.934446581381,15922.92857142857,25650.574333333338,12035.729122941906,13429.166666666666,2011,3,1,3,31,13,0
2011-04-01,25667.510000000002,18494,1222,34335.9,16886.0,36697.14,18240.0,20595.74,10573.0,32344.698571428573,18883.522141203295,17111.571428571428,30404.50142857143,14134.707358302247,16319.142857142857,25819.633333333335,11997.838883587292,13693.2,2011,4,2,4,1,13,0
2011-04-03,6943.15,5679,725,25667.510000000002,18494.0,31394.21,14096.0,9526.5,4870.0,28851.690000000002,21207.121169886952,15909.142857142857,28050.087857142855,15139.963340708164,15224.642857142857,25733.521666666667,12127.38276773683,13720.166666666666,2011,4,2,6,3,13,1
2011-04-04,33254.24,14013,1656,6943.15,5679.0,9241.35,4530.0,21755.63,9906.0,32282.102857142858,19368.767018404258,17263.85714285714,28413.12,15203.905532799527,15226.857142857143,26116.808666666668,12178.923690437277,13857.066666666668,2011,4,2,0,4,14,0
2011-04-05,30144.77,15995,1135,33254.24,14013.0,23176.72,12263.0,26354.96,12145.0,33277.53857142857,18998.327837897956,17797.0,28983.925714285717,15100.47844517349,15355.42857142857,26243.135666666665,12201.113977667164,13985.4,2011,4,2,1,5,14,0
2011-04-06,17362.36,9170,1070,30144.77,15995.0,70711.92,32803.0,18690.79,8617.0,25656.172857142858,10091.103774958972,14420.857142857143,29030.12857142857,15060.991298399289,15273.92857142857,26198.854666666666,12231.840465103749,14003.833333333334,2011,4,2,2,6,14,0
2011-04-07,18512.89,10545,1500,17362.36,9170.0,31885.28,20709.0,36404.0,20127.0,23745.831428571426,9980.490435059543,12968.857142857143,28101.364999999998,15295.030311881716,14843.785714285714,25602.484333333334,12153.017289740375,13684.433333333332,2011,4,2,3,7,14,0
2011-04-08,25295.64,13014,1368,18512.89,10545.0,34335.9,16886.0,19506.8,13572.0,22454.365714285716,8909.155444150096,12415.714285714286,28187.36285714286,15274.121601535673,14745.5,25795.445666666667,12098.730072665687,13665.833333333334,2011,4,2,4,8,14,0
2011-04-10,9913.98,5632,933,25295.64,13014.0,25667.510000000002,18494.0,10005.37,5049.0,20203.861428571425,9897.15359122923,10578.285714285714,26274.28,15794.707216822779,13844.92857142857,25792.39933333333,12102.85374658216,13685.266666666666,2011,4,2,6,10,14,1
2011-04-11,22353.27,13640,1223,9913.98,5632.0,6943.15,5679.0,32356.55,14030.0,22405.307142857142,7985.099062574272,11715.57142857143,25628.498571428576,15754.042836225997,13812.357142857143,25458.956666666665,12053.468540376674,13672.266666666666,2011,4,2,0,11,15,0
2011-04-12,25570.3,15341,1111,22353.27,13640.0,33254.24,14013.0,25081.62,14567.0,21307.601428571426,6664.007465925813,11905.285714285714,26794.852142857144,15035.567251673694,14584.57142857143,25475.246,12053.271219834902,13698.066666666668,2011,4,2,1,12,15,0
2011-04-13,24484.42,18769,1021,25570.3,15341.0,30144.77,15995.0,22038.84,11918.0,20498.98,5684.386812550732,12301.57142857143,26888.259285714284,15015.409370934423,15049.285714285714,25556.765333333333,12037.488215745778,13926.433333333332,2011,4,2,2,13,15,0
2011-04-14,36104.07,18877,1547,24484.42,18769.0,17362.36,9170.0,26120.22,15584.0,23176.367142857143,7930.690975599658,13688.285714285714,24416.269999999997,8813.802269590908,14054.57142857143,25889.560333333335,12190.638201436952,14036.2,2011,4,2,3,14,15,0
2011-04-15,28334.121,12729,1480,36104.07,18877.0,18512.89,10545.0,25475.18,10522.0,24579.400142857143,7836.347477173758,14000.285714285714,24162.615785714286,8631.530372593032,13484.57142857143,25984.858366666664,12198.459268637069,14109.766666666666,2011,4,2,4,15,15,0
2011-04-17,12725.5,8183,966,28334.121,12729.0,25295.64,13014.0,4148.12,2749.0,22783.665857142856,8998.882971307097,13310.142857142857,22619.015785714284,8604.548027285195,12862.92857142857,26270.77103333333,11761.69250596593,14290.9,2011,4,2,6,17,15,1
2011-04-18,56026.18,29844,3131,12725.5,8183.0,9913.98,5632.0,26019.55,16765.0,29371.122999999996,13672.071042831214,16769.0,24787.492214285714,12414.044315173187,13673.642857142857,27270.992033333336,12954.95231740746,14726.866666666667,2011,4,2,0,18,16,0
2011-04-19,24338.7,14482,1860,56026.18,29844.0,22353.27,13640.0,23493.49,8960.0,29654.755857142856,13521.988555306905,16889.285714285714,26030.0315,11312.269249622952,14302.42857142857,27299.1657,12947.370787731166,14910.933333333332,2011,4,2,1,19,16,0
2011-04-20,28670.47,18376,990,24338.7,14482.0,25570.3,15341.0,21948.36,12947.0,30097.63728571429,13416.271701558982,17322.85714285714,25702.61935714286,11152.29747820287,14614.07142857143,27523.236033333334,12909.687658219123,15091.9,2011,4,2,2,20,16,0
2011-04-21,32615.63,18216,1894,28670.47,18376.0,24484.42,18769.0,39904.94,21002.0,31259.238714285715,13199.52607786137,17243.85714285714,25879.109357142857,11247.151910537896,14772.714285714286,27280.259033333336,12736.041413991354,14999.033333333333,2011,4,2,3,21,16,0
2011-04-26,31047.43,16155,1865,32615.63,18216.0,36104.07,18877.0,28171.79,13982.0,30536.861571428573,13027.436455865036,16855.0,26856.61435714286,11042.849526304868,15271.642857142857,27376.113699999998,12753.791704189995,15071.466666666667,2011,4,2,1,26,17,0
2011-04-27,25942.44,18249,1268,31047.43,16155.0,28334.121,12729.0,22153.49,14195.0,30195.192857142858,13125.827495491141,17643.571428571428,27387.2965,10786.580276082248,15821.92857142857,27502.412033333334,12719.00284271705,15206.6,2011,4,2,2,27,17,0
2011-04-28,22501.55,13412,1131,25942.44,18249.0,12725.5,8183.0,16715.52,10311.0,31591.77142857143,11358.352540425118,18390.571428571428,27187.71864285714,10853.896627954446,15850.357142857143,27695.2797,12593.038045587165,15309.966666666667,2011,4,2,3,28,17,0
2011-05-01,6973.66,3819,448,22501.55,13412.0,56026.18,29844.0,31515.58,16567.0,24584.268571428573,8557.145636050707,14672.714285714286,26977.695785714284,11235.590846953843,15720.857142857143,26877.2157,13122.325772457985,14885.033333333333,2011,5,2,6,1,17,1
2011-05-03,35229.41,12466,1369,6973.66,3819.0,24338.7,14482.0,24091.67,14390.0,26140.084285714285,9448.661659839943,14384.714285714286,27897.420071428573,11354.3061868594,15637.0,27248.4737,13198.13529981986,14820.9,2011,5,2,1,3,18,0
2011-05-04,27544.15,17385,1143,35229.41,12466.0,28670.47,18376.0,36697.14,18240.0,25979.181428571428,9407.891754033684,14243.142857142857,28038.409357142857,11335.426146579688,15783.0,26943.37403333333,13077.422030309368,14792.4,2011,5,2,2,4,18,0
2011-05-05,29174.29,17479,1798,27544.15,17385.0,32615.63,18216.0,31394.21,14096.0,25487.56142857143,9087.766512413726,14137.857142857143,28373.400071428572,11291.531335141386,15690.857142857143,26869.3767,13057.634599772027,14905.166666666666,2011,5,2,3,5,18,0
2011-05-06,36126.35,19947,2007,29174.29,17479.0,31047.43,16155.0,9241.35,4530.0,26213.12142857143,9781.884818766524,14679.57142857143,28374.9915,11292.706217172032,15767.285714285714,27765.543366666665,12724.404474109519,15419.066666666668,2011,5,2,4,6,18,0
2011-05-08,18867.4,10702,1500,36126.35,19947.0,25942.44,18249.0,23176.72,12263.0,25202.40142857143,10172.242411642332,13601.42857142857,27698.797142857144,11575.2357032253,15622.5,27621.89936666667,12802.07991576937,15367.033333333333,2011,5,2,6,8,18,1
2011-05-09,27899.71,13357,1750,18867.4,10702.0,22501.55,13412.0,70711.92,32803.0,25973.567142857144,10137.924617209605,13593.57142857143,28782.669285714284,10746.065096464521,15992.07142857143,26194.825699999998,9887.531992165368,14718.833333333334,2011,5,2,0,9,19,0
2011-05-10,47819.98,19802,2532,27899.71,13357.0,6973.66,3819.0,31885.28,20709.0,31808.755714285715,9079.17394282079,15876.857142857143,28196.512142857147,9267.864645744921,15274.785714285714,26725.982366666667,10605.687453061573,14688.6,2011,5,2,1,10,19,0
2011-05-11,33687.25,18913,1662,47819.98,19802.0,35229.41,12466.0,34335.9,16886.0,31588.447142857145,9000.708406162144,16797.85714285714,28864.265714285717,9305.234491445122,15591.285714285714,26704.3607,10590.288264110102,14756.166666666666,2011,5,2,2,11,19,0
2011-05-12,61903.090000000004,37829,1927,33687.25,18913.0,27544.15,17385.0,25667.510000000002,18494.0,36496.86714285715,14259.789823007839,19718.428571428572,31238.024285714284,12825.08417443524,16980.785714285714,27912.213366666667,12382.663357626498,15400.666666666666,2011,5,2,3,12,19,0
2011-05-13,30749.95,15246,1418,61903.090000000004,37829.0,29174.29,17479.0,6943.15,5679.0,36721.96142857143,14136.842430034196,19399.428571428572,31104.761428571426,12819.360317097815,16768.64285714286,28705.773366666668,11738.588309558429,15719.566666666668,2011,5,2,4,13,19,0
2011-05-15,9924.28,4898,809,30749.95,15246.0,36126.35,19947.0,33254.24,14013.0,32978.80857142857,17410.650510245592,17249.571428571428,29595.965,14014.02308565286,15964.57142857143,27928.108033333334,12190.941030104812,15415.733333333334,2011,5,2,6,15,19,1
2011-05-16,39651.28,16019,1584,9924.28,4898.0,18867.4,10702.0,30144.77,15995.0,35947.934285714284,16342.503774331197,18009.14285714286,30575.167857142857,14216.578456466379,15805.285714285714,28244.991700000002,12372.743912388518,15416.533333333333,2011,5,2,0,16,20,0
2011-05-17,55151.99,26810,1801,39651.28,16019.0,27899.71,13357.0,17362.36,9170.0,39841.11714285715,17322.376232753344,19931.0,32907.34214285714,15417.60907301586,16762.285714285714,29504.646033333334,13127.244608510879,16004.533333333333,2011,5,2,1,17,20,0
2011-05-18,34483.44,19059,1343,55151.99,26810.0,47819.98,19802.0,18512.89,10545.0,37935.897142857146,17029.49264868426,19824.85714285714,34872.32642857143,13490.756474865178,17850.85714285714,30036.9977,12989.22593204125,16288.333333333334,2011,5,2,2,18,20,0
2011-05-19,35599.35,18144,1888,34483.44,19059.0,33687.25,18913.0,25295.64,13014.0,38209.05428571429,16965.199013780024,19715.0,34898.750714285714,13491.87194809609,18256.428571428572,30380.454700000002,12995.75544505055,16459.333333333332,2011,5,2,3,19,20,0
2011-05-20,26718.170000000002,15414,1104,35599.35,18144.0,61903.090000000004,37829.0,9913.98,5632.0,33182.637142857144,13666.789879380034,16512.85714285714,34839.75214285714,13528.263661813398,18115.64285714286,30940.594366666668,12433.16362940633,16785.4,2011,5,2,4,20,20,0
2011-05-22,24231.09,12749,1553,26718.170000000002,15414.0,30749.95,15246.0,22353.27,13640.0,32251.37142857143,14076.151890960173,16156.142857142857,34486.66642857143,13750.193867199214,17777.785714285714,31003.18836666667,12393.102845500009,16755.7,2011,5,2,6,22,20,1
2011-05-23,34685.6,18223,1564,24231.09,12749.0,9924.28,4898.0,25570.3,15341.0,35788.70285714285,10071.955900531826,18059.714285714286,34383.75571428572,13742.367257029902,17654.64285714286,31307.0317,12367.024008993161,16851.766666666666,2011,5,2,0,23,21,0
2011-05-24,37660.04,15937,1698,34685.6,18223.0,39651.28,16019.0,24484.42,18769.0,35504.24,9972.30950074258,18048.0,35726.08714285714,13008.385888527333,18028.571428571428,31746.219033333335,12350.319444381079,16757.366666666665,2011,5,2,1,24,21,0
2011-05-25,24408.12,13169,1291,37660.04,15937.0,55151.99,26810.0,36104.07,18877.0,31112.25857142857,5755.360307010762,16099.285714285714,35476.68785714286,13202.006681781464,18015.14285714286,31356.35403333333,12392.542685015555,16567.1,2011,5,2,2,25,21,0
2011-05-26,33497.03,16264,946,24408.12,13169.0,34483.44,19059.0,28334.121,12729.0,30971.34285714286,5670.512961122465,15700.0,34453.62,12717.99929862699,17762.428571428572,31528.451,12384.971972329819,16684.933333333334,2011,5,2,3,26,21,0
2011-05-27,28442.03,16220,1132,33497.03,16264.0,35599.35,18144.0,12725.5,8183.0,29948.868571428575,5332.121235397943,15425.142857142857,34078.96142857143,12819.169254247468,17570.071428571428,32052.335333333336,11884.472303933539,16952.833333333332,2011,5,2,4,27,21,0
2011-05-29,7394.3,4124,630,28442.03,16220.0,26718.170000000002,15414.0,56026.18,29844.0,27188.315714285713,10128.472135998398,13812.285714285714,30185.47642857143,11967.790662255842,15162.57142857143,30431.272666666668,11818.188684464558,16095.5,2011,5,2,6,29,21,1
2011-05-31,22714.06,11763,1267,7394.3,4124.0,24231.09,12749.0,24338.7,14482.0,26971.597142857143,10218.126855049863,13671.42857142857,29611.484285714287,12130.23897500006,14913.785714285714,30377.118000000002,11850.746924623709,16004.866666666667,2011,5,2,1,31,22,0
2011-06-01,20595.69,10990,1418,22714.06,11763.0,34685.6,18223.0,28670.47,18376.0,24958.75285714286,9825.530142948584,12638.142857142857,30373.727857142858,11088.522787869204,15348.92857142857,30107.958666666666,11981.819793559276,15758.666666666666,2011,6,2,2,1,22,0
2011-06-02,32826.14,14597,1539,20595.69,10990.0,37660.04,15937.0,32615.63,18216.0,24268.195714285714,8911.427651592232,12446.714285714286,29886.21785714286,10795.417177872034,15247.357142857143,30114.97566666667,11983.400557165454,15638.033333333333,2011,6,2,3,2,22,0
2011-06-03,16913.25,7690,847,32826.14,14597.0,24408.12,13169.0,31047.43,16155.0,23197.5,9332.132475159902,11664.0,27154.87928571429,8505.785922800686,13881.642857142857,29643.836333333336,12220.970811714405,15355.866666666667,2011,6,2,4,3,22,0
2011-06-05,25639.54,13501,1555,16913.25,7690.0,33497.03,16264.0,25942.44,18249.0,22075.00142857143,8302.563851448642,11269.285714285714,26523.172142857144,8244.022638091883,13484.642857142857,29633.739666666665,12224.25894499002,15197.6,2011,6,2,6,5,22,1
2011-06-06,17789.07,9462,1175,25639.54,13501.0,28442.03,16220.0,22501.55,13412.0,20553.149999999998,7907.942547747005,10303.857142857143,25251.009285714284,8108.783364124292,12864.5,29476.657000000003,12348.712786495018,15065.933333333332,2011,6,2,0,6,23,0
2011-06-07,37957.72,18768,1891,17789.07,9462.0,7394.3,4124.0,6973.66,3819.0,24919.35285714286,7869.042337594702,12395.857142857143,26053.834285714285,8792.765051616785,13104.07142857143,30509.459,11679.297442127452,15564.233333333334,2011,6,2,1,7,23,0
2011-06-08,43264.33,21284,2297,37957.72,18768.0,22714.06,11763.0,35229.41,12466.0,27855.105714285717,10351.129727263075,13756.0,27413.351428571426,9891.986166839859,13713.714285714286,30777.289666666664,11881.644017664954,15858.166666666666,2011,6,2,2,8,23,0
2011-06-09,46389.1,28306,1816,43264.33,21284.0,20595.69,10990.0,27544.15,17385.0,31539.878571428573,11822.593415382617,16229.714285714286,28249.315714285713,10987.67771631174,14433.92857142857,31405.45466666667,12198.739567557843,16222.2,2011,6,2,3,9,23,0
2011-06-10,62234.44,10669,1018,46389.1,28306.0,32826.14,14597.0,29174.29,17479.0,35741.06428571429,16611.212043782238,15668.57142857143,30004.63,14122.456058236836,14057.642857142857,32507.45966666667,13422.168942344508,15995.2,2011,6,2,4,10,23,0
2011-06-12,12517.06,9491,1068,62234.44,10669.0,16913.25,7690.0,36126.35,19947.0,35113.037142857145,17500.95735962916,15925.857142857143,29155.268571428573,14825.039419158295,13794.92857142857,31720.483333333334,13886.763374423734,15646.666666666666,2011,6,2,6,12,23,1
2011-06-13,22457.21,11302,1404,12517.06,9491.0,25639.54,13501.0,18867.4,10702.0,34658.41857142857,17826.371463167943,15611.714285714286,28366.71,14869.873701730452,13440.5,31840.143666666667,13787.301300425952,15666.666666666666,2011,6,2,0,13,24,0
2011-06-14,40474.01,14624,1574,22457.21,11302.0,17789.07,9462.0,27899.71,13357.0,37899.124285714286,16239.910123984557,16349.142857142857,29226.137142857147,15218.185732268532,13326.5,32259.287000000004,13854.34929055608,15708.9,2011,6,2,1,14,24,0
2011-06-15,49097.99,30465,1671,40474.01,14624.0,37957.72,18768.0,47819.98,19802.0,39490.59142857143,16783.374070648464,18020.14285714286,32204.972142857143,14688.415928380247,15208.0,32301.887333333332,13905.71594470167,16064.333333333334,2011,6,2,2,15,24,0
2011-06-16,34584.68,20293,1501,49097.99,30465.0,43264.33,21284.0,33687.25,18913.0,38250.64142857143,16778.72861340558,17878.571428571428,33052.87357142857,14438.902560130113,15817.285714285714,32331.801666666663,13909.763637060476,16110.333333333334,2011,6,2,3,16,24,0
2011-06-17,21076.170000000002,11757,939,34584.68,20293.0,46389.1,28306.0,61903.090000000004,37829.0,34634.508571428574,17446.811773417183,15514.42857142857,33087.19357142857,14407.552262786761,15872.07142857143,30970.904333333332,12875.573121082773,15241.266666666666,2011,6,2,4,17,24,0
2011-06-19,22442.18,15081,1157,21076.170000000002,11757.0,62234.44,10669.0,30749.95,15246.0,28949.899999999998,12826.019681371694,16144.714285714286,32345.48214285714,14686.609735577375,15906.642857142857,30693.97866666667,12969.487794481503,15235.766666666666,2011,6,2,6,19,24,1
2011-06-20,37514.98,16607,1974,22442.18,15081.0,12517.06,9491.0,9924.28,4898.0,32521.03142857143,10809.657660178158,17161.285714285714,33817.03428571428,14039.252585526976,16543.571428571428,31613.66866666667,12412.162530033604,15626.066666666668,2011,6,2,0,20,25,0
2011-06-21,24784.37,14195,1452,37514.98,16607.0,22457.21,11302.0,39651.28,16019.0,32853.48285714286,10479.296676695016,17574.571428571428,33755.95071428571,14079.372105620136,16593.14285714286,31118.105,12376.925423724,15565.266666666666,2011,6,2,1,21,25,0
2011-06-22,21825.99,15840,1008,24784.37,14195.0,40474.01,14624.0,55151.99,26810.0,30189.48,10588.899370318619,17748.285714285714,34044.302142857145,13765.039262851125,17048.714285714286,30007.238333333335,11617.69642404238,15199.6,2011,6,2,2,22,25,0
2011-06-23,25242.82,14728,1947,21825.99,15840.0,49097.99,30465.0,34483.44,19059.0,26781.59857142857,6562.403563297645,15500.142857142857,33136.095,13905.71399540918,16760.14285714286,29699.217666666667,11617.42483572299,15055.233333333334,2011,6,2,3,23,25,0
2011-06-24,19521.96,9985,1024,25242.82,14728.0,34584.68,20293.0,35599.35,18144.0,24629.781428571434,6024.849879987185,14027.57142857143,31440.21142857143,14022.7691074765,15953.07142857143,29163.304666666667,11706.351303447876,14783.266666666666,2011,6,2,4,24,25,0
2011-06-26,7082.49,3786,667,19521.96,9985.0,21076.170000000002,11757.0,26718.170000000002,15414.0,22630.684285714287,8991.639200262422,12888.857142857143,28632.596428571433,14717.248359496976,14201.642857142857,28508.782000000003,12377.472389068544,14395.666666666666,2011,6,2,6,26,25,1
2011-06-27,17015.76,9910,1155,7082.49,3786.0,22442.18,15081.0,24231.09,12749.0,21855.481428571427,9241.056195286783,12150.142857142857,25402.690714285716,11353.010833666322,14147.42857142857,28268.271,12532.589790889413,14301.033333333333,2011,6,2,0,27,26,0
2011-06-28,35607.32,21852,957,17015.76,9910.0,37514.98,16607.0,34685.6,18223.0,21582.95857142857,8715.465231979771,12899.42857142857,27051.995000000003,11009.063503939837,15030.357142857143,28298.995,12549.982290053915,14422.0,2011,6,2,1,28,26,0
2011-06-29,22088.32,12071,1314,35607.32,21852.0,24784.37,14195.0,37660.04,15937.0,21197.808571428573,8609.33579164782,12596.0,27025.645714285718,11021.34129196112,15085.285714285714,27779.937666666672,12471.236304536831,14293.133333333333,2011,6,2,2,29,26,0
2011-06-30,44797.31,21959,1609,22088.32,12071.0,21825.99,15840.0,24408.12,13169.0,24479.425714285713,12422.310271603903,13470.142857142857,27334.452857142856,11478.233628389788,15609.214285714286,28459.577333333335,12831.514032207198,14586.133333333333,2011,6,2,3,30,26,0
2011-07-01,13675.06,7662,975,44797.31,21959.0,25242.82,14728.0,33497.03,16264.0,22826.88857142857,13057.042477126339,12460.714285714286,24804.243571428575,10137.69831184844,13980.42857142857,27798.845000000005,13071.281795210893,14299.4,2011,7,3,4,1,26,0
2011-07-03,6032.39,3117,598,13675.06,7662.0,19521.96,9985.0,28442.03,16220.0,20899.807142857142,14537.625201948369,11479.57142857143,22764.794285714284,10864.701681396193,12753.57142857143,27051.857,13660.311211534172,13862.633333333333,2011,7,3,6,3,26,1
2011-07-04,44652.83,15712,2184,6032.39,3117.0,7082.49,3786.0,7394.3,4124.0,26266.99857142857,15490.297576671928,13183.285714285714,24448.84142857143,12313.448253761979,13036.07142857143,28293.808,13504.303789366519,14248.9,2011,7,3,0,4,27,0
2011-07-05,40758.43,22095,2171,44652.83,15712.0,17015.76,9910.0,22714.06,11763.0,29658.808571428573,15724.616891432202,14924.0,25757.144999999997,13035.7079907612,13537.07142857143,28895.287,13648.291933634442,14593.3,2011,7,3,1,5,27,0
2011-07-06,26387.54,19176,1794,40758.43,22095.0,35607.32,21852.0,20595.69,10990.0,28341.697142857145,15528.223715424045,14541.714285714286,24962.327857142856,12595.458004821316,13720.57142857143,29088.348666666665,13567.567323057376,14866.166666666666,2011,7,3,2,6,27,0
2011-07-07,32445.71,19157,1892,26387.54,19176.0,22088.32,12071.0,32826.14,14597.0,29821.324285714283,15325.183582397825,15554.0,25509.566428571427,12752.583657096287,14075.0,29075.667666666668,13564.130659311466,15018.166666666666,2011,7,3,3,7,27,0
2011-07-08,27082.1,12720,1577,32445.71,19157.0,44797.31,21959.0,16913.25,7690.0,27290.579999999998,13829.666458380956,14234.142857142857,25885.00285714286,12713.10607954725,13852.142857142857,29414.629333333338,13375.462136962718,15185.833333333334,2011,7,3,4,8,27,0
2011-07-10,5993.87,4255,815,27082.1,12720.0,13675.06,7662.0,25639.54,13501.0,26193.26714285714,15315.008159258608,13747.42857142857,24510.07785714286,13783.710467871475,13104.07142857143,28759.773666666668,14031.494407462249,14877.633333333333,2011,7,3,6,10,27,1
2011-07-11,22605.02,15150,1487,5993.87,4255.0,6032.39,3117.0,17789.07,9462.0,28560.785714285714,12744.118843577582,15466.42857142857,24730.296428571426,13722.378533512083,13473.0,28920.30533333333,13928.826181660148,15067.233333333334,2011,7,3,0,11,28,0
2011-07-12,26262.55,13958,1645,22605.02,15150.0,44652.83,15712.0,37957.72,18768.0,25933.602857142854,10586.853170688843,15215.857142857143,26100.300714285713,12747.771174382673,14199.57142857143,28530.466333333334,13830.480246162306,14906.9,2011,7,3,1,12,28,0
2011-07-13,22641.94,16300,1610,26262.55,13958.0,40758.43,22095.0,43264.33,21284.0,23345.532857142854,8333.282272725699,14388.0,26502.170714285712,12526.108410256504,14656.0,27843.053333333333,13583.198592630652,14740.766666666666,2011,7,3,2,13,28,0
2011-07-14,33602.13,17581,1661,22641.94,16300.0,26387.54,19176.0,46389.1,28306.0,24376.18857142857,9175.781344618463,14160.142857142857,26358.942857142854,12425.044726891409,14350.92857142857,27416.821,13175.677870710864,14383.266666666666,2011,7,3,3,14,28,0
2011-07-15,14836.43,7330,1115,33602.13,17581.0,32445.71,19157.0,62234.44,10669.0,21860.57714285714,9007.048084727372,12470.57142857143,25840.950714285715,12763.337624023208,14012.285714285714,25836.887333333332,11604.799937928741,14271.966666666667,2011,7,3,4,15,28,0
2011-07-17,17194.56,11044,1246,14836.43,7330.0,27082.1,12720.0,12517.06,9491.0,20448.071428571428,8825.178935703314,12231.142857142857,23869.325714285715,11697.239904579503,13232.642857142857,25992.804,11450.060664979344,14323.733333333334,2011,7,3,6,17,28,1
2011-07-18,38831.61,15109,2150,17194.56,11044.0,5993.87,4255.0,22457.21,11302.0,25139.17714285714,8585.724015231584,13781.714285714286,25666.222142857143,11940.47306353037,13764.57142857143,26538.617333333335,11663.988104339423,14450.633333333333,2011,7,3,0,18,29,0
2011-07-19,50182.83,29177,1574,38831.61,15109.0,22605.02,15150.0,40474.01,14624.0,29078.864285714284,12612.180578800102,15785.57142857143,28819.825000000004,12183.903009963415,15626.0,26862.244666666666,12186.93693061513,14935.733333333334,2011,7,3,1,19,29,0
2011-07-20,33308.24,17737,1993,50182.83,29177.0,26262.55,13958.0,49097.99,30465.0,30085.391428571427,12631.091984102095,16325.42857142857,28009.497142857144,11402.045659266172,15770.642857142857,26335.919666666665,11516.006051418153,14511.466666666667,2011,7,3,2,20,29,0
2011-07-21,32818.54,19979,1490,33308.24,17737.0,22641.94,16300.0,34584.68,20293.0,31539.191428571427,12210.223169739702,16851.0,27442.362142857142,10905.80298069521,15619.5,26277.048333333336,11476.830948879222,14501.0,2011,7,3,3,21,29,0
2011-07-22,20124.86,10278,1280,32818.54,19979.0,33602.13,17581.0,21076.170000000002,11757.0,29613.867142857143,12875.172686898524,15807.714285714286,26995.027857142857,11079.456661462125,14983.92857142857,26245.338,11492.99926302795,14451.7,2011,7,3,4,22,29,0
2011-07-24,27099.46,17670,1116,20124.86,10278.0,14836.43,7330.0,22442.18,15081.0,31365.72857142857,11262.673571132282,17284.85714285714,26613.152857142857,10968.71793189466,14877.714285714286,26400.580666666665,11471.290152000574,14538.0,2011,7,3,6,24,29,1
2011-07-25,26887.15,16100,1935,27099.46,17670.0,17194.56,11044.0,37514.98,16607.0,32750.384285714284,9720.267854935679,18007.14285714286,26599.22785714286,10968.200533415566,15119.142857142857,26046.319666666666,11278.704814187766,14521.1,2011,7,3,0,25,30,0
2011-07-26,21644.261,13715,1226,26887.15,16100.0,38831.61,15109.0,24784.37,14195.0,30295.048714285716,10091.792060063079,17808.0,27717.11292857143,9390.642166578438,15794.857142857143,25941.649366666665,11305.359140651712,14505.1,2011,7,3,1,26,30,0
2011-07-27,25602.93,13974,1221,21644.261,13715.0,50182.83,29177.0,21825.99,15840.0,26783.634428571426,5020.749005550655,15636.142857142857,27931.24935714286,9298.83531794711,15710.857142857143,26067.547366666666,11278.945572001816,14442.9,2011,7,3,2,27,30,0
2011-07-28,56269.74,30272,1502,25602.93,13974.0,33308.24,17737.0,25242.82,14728.0,30063.848714285712,12266.409601330733,17426.85714285714,30074.620071428573,11961.661061718662,16876.14285714286,27101.778033333332,12551.448680976802,14961.033333333333,2011,7,3,3,28,30,0
2011-07-29,18790.4,11613,1118,56269.74,30272.0,32818.54,19979.0,19521.96,9985.0,28059.828714285715,12872.311860196629,16231.714285714286,29799.510071428573,12187.909052788258,16541.35714285714,27077.3927,12567.383317204174,15015.3,2011,7,3,4,29,30,0
2011-07-31,33490.61,20878,1270,18790.4,11613.0,20124.86,10278.0,7082.49,3786.0,29969.221571428567,12484.574916359568,17746.0,29791.54435714286,12185.26873556303,16776.85714285714,27957.663366666664,12032.02839058212,15585.033333333333,2011,7,3,6,31,30,1
2011-08-01,21388.920000000002,11721,1188,33490.61,20878.0,27099.46,17670.0,17015.76,9910.0,29153.43014285714,12883.549582370952,16896.14285714286,30259.57935714286,11682.109662107096,17090.5,28103.435366666665,11920.8700857139,15645.4,2011,8,3,0,1,31,0
2011-08-02,26580.6,15721,1332,21388.920000000002,11721.0,26887.15,16100.0,35607.32,21852.0,29109.63728571429,12893.05435500185,16842.0,30930.010785714287,11130.966445528938,17424.571428571428,27802.544700000002,11838.572041655525,15441.033333333333,2011,8,3,1,2,31,0
2011-08-03,28113.14,16521,1518,26580.6,15721.0,21644.261,13715.0,22088.32,12071.0,30033.762857142858,12494.453508503591,17242.85714285714,30164.405785714283,10912.141293091996,17525.428571428572,28003.372033333333,11789.293811383228,15589.366666666667,2011,8,3,2,3,31,0
2011-08-04,65502.21,41148,1782,28113.14,16521.0,25602.93,13974.0,44797.31,21959.0,35733.659999999996,18016.774043931964,21124.85714285714,31258.647214285716,13528.411007986986,18380.5,28693.535366666667,13313.815409752831,16229.0,2011,8,3,3,4,31,0
2011-08-05,21538.58,12818,1442,65502.21,41148.0,56269.74,30272.0,13675.06,7662.0,30772.065714285716,16099.030359767918,18631.428571428572,30417.95721428571,13755.046620201409,18029.14285714286,28955.6527,13083.353942623628,16400.866666666665,2011,8,3,4,5,31,0
2011-08-07,7578.91,5186,529,21538.58,12818.0,18790.4,11613.0,6032.39,3117.0,29170.424285714285,17941.934320591776,17713.285714285714,28615.126500000002,15012.747141563967,16972.5,29007.20336666667,12992.650167349617,16469.833333333332,2011,8,3,6,7,31,1
2011-08-08,23377.65,13348,1454,7578.91,5186.0,33490.61,20878.0,44652.83,15712.0,27725.715714285714,17943.243818177427,16637.571428571428,28847.468642857148,14895.957820891565,17191.785714285714,28298.0307,12686.23779858728,16391.033333333333,2011,8,3,0,8,32,0
2011-08-09,27679.44,16261,1087,23377.65,13348.0,21388.920000000002,11721.0,40758.43,22095.0,28624.36142857143,17729.232945382835,17286.14285714286,28888.895785714285,14891.528314406109,17091.14285714286,27862.06436666667,12466.08828867688,16196.566666666668,2011,8,3,1,9,32,0
2011-08-10,28792.34,14423,1360,27679.44,16261.0,26580.6,15721.0,26387.54,19176.0,28940.324285714283,17706.433074468416,17100.714285714286,29024.980785714284,14880.52953734108,16971.35714285714,27942.22436666667,12464.011339258264,16038.133333333333,2011,8,3,2,10,32,0
2011-08-11,72433.79,39254,1931,28792.34,14423.0,28113.14,16521.0,32445.71,19157.0,35271.845714285715,24122.90341189528,20348.285714285714,32652.804285714283,18655.142242285445,18795.571428571428,29275.160366666667,14868.518303312569,16708.033333333333,2011,8,3,3,11,32,0
2011-08-12,32231.35,11978,1108,72433.79,39254.0,65502.21,41148.0,27082.1,12720.0,30518.86571428571,20119.313984728597,16181.142857142857,33126.26285714286,18546.25181092536,18653.0,29446.802033333333,14872.049666342502,16683.3,2011,8,3,4,12,32,0
2011-08-14,5718.57,3180,538,32231.35,11978.0,21538.58,12818.0,5993.87,4255.0,28258.864285714284,22088.370477479675,14804.285714285714,29515.465,18614.626110881283,16717.85714285714,29437.625366666663,14887.09742812235,16647.466666666667,2011,8,3,6,14,32,1
2011-08-15,17243.97,10181,917,5718.57,3180.0,7578.91,5186.0,22605.02,15150.0,29639.58714285714,20847.458996685687,15517.857142857143,29405.005714285715,18687.60947166358,16615.571428571428,29258.9237,15003.662922573685,16481.833333333332,2011,8,3,0,15,33,0
2011-08-16,19239.66,11197,1018,17243.97,10181.0,23377.65,13348.0,26262.55,13958.0,29048.445714285714,21111.607274145717,15210.57142857143,28387.080714285712,18835.489035702878,15924.07142857143,29024.82736666667,15106.461838055106,16389.8,2011,8,3,1,16,33,0
2011-08-17,53499.96,25703,1650,19239.66,11197.0,27679.44,16261.0,22641.94,16300.0,32737.091428571428,23003.475802461853,16559.428571428572,30680.726428571426,19845.779472146085,16922.785714285714,30053.428033333334,15695.92608577531,16703.233333333334,2011,8,3,2,17,33,0
2011-08-18,54106.93,34089,1485,53499.96,25703.0,28792.34,14423.0,33602.13,17581.0,36353.46142857143,24236.753794131506,19368.85714285714,32646.89285714286,20751.21710653596,18234.785714285714,30736.92136666667,16290.957458075995,17253.5,2011,8,3,3,18,33,0
2011-08-19,17349.59,10672,811,54106.93,34089.0,72433.79,39254.0,14836.43,7330.0,28484.29,18931.50554635404,15285.714285714286,31878.067857142858,21128.082700225583,17817.0,30820.693366666666,16212.647292930878,17364.9,2011,8,3,4,19,33,0
2011-08-21,14576.86,8169,1065,17349.59,10672.0,32231.35,11978.0,17194.56,11044.0,25962.22,19516.069039284885,14741.57142857143,28240.542857142857,19188.644571429933,15461.357142857143,30733.436700000002,16295.345469611766,17269.066666666666,2011,8,3,6,21,33,1
2011-08-22,29651.46,15556,1267,14576.86,8169.0,5718.57,3180.0,38831.61,15109.0,29381.204285714284,17355.309735592808,16509.571428571428,28820.03428571429,19092.942882680974,15656.92857142857,30427.4317,16224.068249350243,17283.966666666667,2011,8,3,0,22,34,0
2011-08-23,25993.68,15181,1434,29651.46,15556.0,17243.97,10181.0,50182.83,29177.0,30631.162857142856,16635.638179213052,17223.85714285714,30135.375,18126.918580428184,16370.857142857143,29621.1267,15804.047807316614,16817.433333333334,2011,8,3,1,23,34,0
2011-08-24,49035.36,29501,1818,25993.68,15181.0,19239.66,11197.0,33308.24,17737.0,34887.69142857143,17042.04913613818,19838.714285714286,31968.06857142857,18679.744623376177,17524.64285714286,30145.36403333333,16186.779186425145,17209.566666666666,2011,8,3,2,24,34,0
2011-08-25,23827.46,13340,1261,49035.36,29501.0,53499.96,25703.0,32818.54,19979.0,30648.762857142858,15235.491472185082,18072.571428571428,31692.927142857145,18775.89392143898,17316.0,29845.661366666667,16218.782410447648,16988.266666666666,2011,8,3,3,25,34,0
2011-08-26,25626.44,17150,918,23827.46,13340.0,54106.93,34089.0,20124.86,10278.0,26580.12142857143,11193.617393059982,15652.714285714286,31466.79142857143,18832.495321736526,17510.785714285714,30029.047366666666,16135.970868738772,17217.333333333332,2011,8,3,4,26,34,0
2011-08-28,10805.03,6774,1196,25626.44,17150.0,17349.59,10672.0,27099.46,17670.0,25645.184285714287,12310.662512307339,15095.857142857143,27064.737142857142,15412.127359923361,15190.785714285714,29485.8997,16507.93664957766,16854.133333333335,2011,8,3,6,28,34,1
2011-08-30,31866.31,10244,3216,10805.03,6774.0,14576.86,8169.0,26887.15,16100.0,28115.105714285713,11422.240648311048,15392.285714285714,27038.662857142856,15403.020188836288,15066.92857142857,29651.8717,16505.937962272415,16658.933333333334,2011,8,3,1,30,35,0
2011-08-31,25380.17,12454,1158,31866.31,10244.0,29651.46,15556.0,21644.261,13715.0,27504.92142857143,11440.561636853687,14949.142857142857,28443.062857142853,14155.403671308648,15729.357142857143,29776.402,16457.46243568727,16616.9,2011,8,3,2,31,35,0
2011-09-01,37370.15,27857,1398,25380.17,12454.0,25993.68,15181.0,25602.93,13974.0,29130.13142857143,11985.188322135295,16760.0,29880.647142857142,13951.071131206761,16991.928571428572,30168.642666666667,16494.74898971224,17079.666666666668,2011,9,3,3,1,35,0
2011-09-02,42322.02,18484,2328,37370.15,27857.0,49035.36,29501.0,56269.74,30272.0,28171.082857142854,10273.248554424794,15186.142857142857,31529.387142857147,13960.717843494022,17512.428571428572,29703.718666666668,15920.251959975205,16686.733333333334,2011,9,3,4,2,35,0
2011-09-04,17119.59,10963,1333,42322.02,18484.0,23827.46,13340.0,18790.4,11613.0,27212.815714285713,11030.85308421169,14846.57142857143,28930.789285714283,12902.35394646051,16459.571428571428,29648.025,15962.612533610876,16665.066666666666,2011,9,3,6,4,35,1
2011-09-05,37157.14,22893,1565,17119.59,10963.0,25626.44,17150.0,33490.61,20878.0,28860.058571428573,11600.700072068132,15667.0,27720.09,11015.49004405786,15659.857142857143,29770.24266666667,16007.022383410544,16732.233333333334,2011,9,3,0,5,36,0
2011-09-06,28349.91,15090,1122,37157.14,22893.0,10805.03,6774.0,21388.920000000002,11721.0,31366.47,8541.652456027881,16855.0,28505.82714285714,10603.48025165714,15975.42857142857,30002.275666666665,15931.614414542104,16844.533333333333,2011,9,3,1,6,36,0
2011-09-07,34413.53,16390,2078,28349.91,15090.0,31866.31,10244.0,26580.6,15721.0,31730.358571428573,8620.390463396348,17733.0,29922.73214285714,9901.11674078244,16562.64285714286,30263.373333333333,15937.788470341386,16866.833333333332,2011,9,3,2,7,36,0
2011-09-08,27195.8,17466,1748,34413.53,16390.0,25380.17,12454.0,28113.14,16521.0,31989.734285714283,8422.521264100731,18449.0,29747.327857142856,9928.007400735749,16699.071428571428,30232.79533333333,15942.935297145576,16898.333333333332,2011,9,3,3,8,36,0
2011-09-09,30075.62,17405,1558,27195.8,17466.0,37370.15,27857.0,65502.21,41148.0,30947.65857142857,8090.5983951074195,16955.85714285714,30038.894999999997,9869.054378558745,16857.928571428572,29051.909,14485.898860340796,16106.9,2011,9,3,4,9,36,0
2011-09-11,35511.67,21146,2027,30075.62,17405.0,42322.02,18484.0,21538.58,12818.0,29974.75142857143,6801.653703297565,17336.14285714286,29072.91714285714,8422.49298407306,16261.142857142857,29517.678666666663,14460.608641280412,16384.5,2011,9,3,6,11,36,1
2011-09-12,29738.33,16939,1633,35511.67,21146.0,17119.59,10963.0,7578.91,5186.0,31777.428571428572,3864.974432107936,18189.85714285714,29495.12214285714,8286.371571313899,16518.214285714286,30256.326,13854.587172537915,16776.266666666666,2011,9,3,0,12,37,0
2011-09-13,55117.05,36548,2422,29738.33,16939.0,37157.14,22893.0,23377.65,13348.0,34343.13,9655.266531755282,20140.571428571428,31601.594285714284,10641.091387005154,17903.785714285714,31314.305999999997,14507.664739717597,17549.6,2011,9,3,1,13,37,0
2011-09-14,23592.98,14191,1332,55117.05,36548.0,28349.91,15090.0,27679.44,16261.0,33663.56857142857,10293.682882421044,20012.14285714286,32515.019285714287,9165.095661276282,18433.571428571428,31178.09066666667,14562.052403244796,17480.6,2011,9,3,2,14,37,0
2011-09-15,78218.95,29309,2150,23592.98,14191.0,34413.53,16390.0,28792.34,14423.0,39921.485714285714,19774.766442093875,21857.714285714286,35825.92214285715,15259.161412161635,19795.35714285714,32825.64433333333,16892.42370851208,17976.8,2011,9,3,3,15,37,0
2011-09-16,27724.22,15052,1438,78218.95,29309.0,27195.8,17466.0,72433.79,39254.0,39996.974285714285,19719.020645776556,21512.85714285714,35993.35428571429,15148.184611970308,19980.928571428572,31335.325333333334,15161.035799744777,17170.066666666666,2011,9,3,4,16,37,0
2011-09-18,15745.73,8994,1272,27724.22,15052.0,30075.62,17405.0,32231.35,11978.0,37949.84714285714,21576.967361598585,20311.285714285714,34448.752857142856,16071.348309362136,18633.571428571428,30785.804666666663,15423.925237999054,17070.6,2011,9,3,6,18,37,1
2011-09-19,49269.88,29267,1383,15745.73,8994.0,35511.67,21146.0,5718.57,3180.0,39915.305714285714,21941.400621791716,21471.428571428572,34945.02857142857,16436.30244388357,19403.785714285714,32237.515,15027.672776227317,17940.166666666668,2011,9,3,0,19,38,0
2011-09-20,109612.03,43726,1708,49269.88,29267.0,29738.33,16939.0,17243.97,10181.0,51325.83428571428,33494.30740934388,25298.14285714286,41551.631428571425,25051.225239575033,21744.0,35316.450333333334,20364.532571846652,19058.333333333332,2011,9,3,1,20,38,0
2011-09-21,48560.68,22330,3024,109612.03,43726.0,55117.05,36548.0,19239.66,11197.0,50389.21,33462.27646981298,23267.0,42366.17,25082.72022702084,21703.785714285714,36293.81766666667,20269.733206942106,19429.433333333334,2011,9,3,2,21,38,0
2011-09-22,59354.79,33211,2672,48560.68,22330.0,23592.98,14191.0,53499.96,25703.0,55498.04,31352.79454316206,25984.14285714286,44580.80428571429,25118.718574425344,22998.14285714286,36488.97866666667,20468.322809702924,19679.7,2011,9,3,3,22,38,0
2011-09-23,40601.75,21886,2587,59354.79,33211.0,78218.95,29309.0,54106.93,34089.0,50124.154285714285,30004.153948075727,24923.714285714286,45022.82,24980.106566256043,23390.714285714286,36038.806,20214.41781176215,19272.933333333334,2011,9,3,4,23,38,0
2011-09-25,31372.661,19504,1980,40601.75,21886.0,27724.22,15052.0,17349.59,10672.0,50645.360142857135,29578.86458396772,25559.714285714286,45321.16721428571,24774.913578364645,23536.285714285714,36506.2417,19927.445263395814,19567.333333333332,2011,9,3,6,25,38,1
2011-09-26,29335.171,15323,1527,31372.661,19504.0,15745.73,8994.0,14576.86,8169.0,52586.708857142854,27261.736047199654,26463.85714285714,45268.278,24810.72761146646,23387.571428571428,36998.185399999995,19545.927684306876,19805.8,2011,9,3,0,26,39,0
2011-09-27,36322.95,21259,1845,29335.171,15323.0,49269.88,29267.0,29651.46,15556.0,50737.14742857143,27954.653369318235,25319.85714285714,45326.226571428575,24787.123115998824,23395.64285714286,37220.568400000004,19497.350239903248,19995.9,2011,9,3,1,27,39,0
2011-09-28,43749.06,25559,2830,36322.95,21259.0,109612.03,43726.0,25993.68,15181.0,41328.15171428572,10421.55647078161,22724.571428571428,46326.993,24388.999108091877,24011.35714285714,37812.414399999994,19414.11062882546,20341.833333333332,2011,9,3,2,28,39,0
2011-09-29,46401.45,27473,2460,43749.06,25559.0,48560.68,22330.0,49035.36,29501.0,41019.690285714285,10201.436880524072,23459.285714285714,45704.45014285714,24258.253495831807,23363.14285714286,37724.6174,19367.506407543726,20274.233333333334,2011,9,3,3,29,39,0
2011-09-30,44357.06,22555,1841,46401.45,27473.0,59354.79,33211.0,23827.46,13340.0,38877.15742857143,6673.8908233675165,21937.0,47187.59871428571,23422.736073859858,23960.571428571428,38408.9374,19221.681655333992,20581.4,2011,9,3,4,30,39,0
2011-10-02,11634.53,8385,1426,44357.06,22555.0,40601.75,21886.0,25626.44,17150.0,34738.98314285714,12155.657373388412,20008.285714285714,42431.56871428572,23397.103339362926,22466.0,37942.54039999999,19706.177213829724,20289.233333333334,2011,10,4,6,2,39,1
2011-10-03,66376.82,25985,2268,11634.53,8385.0,31372.661,19504.0,10805.03,6774.0,39739.57728571428,16838.14637875326,20934.14285714286,45192.468714285715,23805.091198085476,23246.928571428572,39794.9334,19679.143678778648,20929.6,2011,10,4,0,3,40,0
2011-10-04,48810.65,25398,2759,66376.82,25985.0,29335.171,15323.0,31866.31,10244.0,42521.788571428566,16436.680693878377,22373.428571428572,47554.24871428571,22248.179732785833,24418.64285714286,40359.74473333333,19686.895609547177,21434.733333333334,2011,10,4,1,4,40,0
2011-10-05,75593.63,46286,2386,48810.65,25398.0,36322.95,21259.0,25380.17,12454.0,48131.885714285716,20231.96974909994,25948.714285714286,49434.51657142857,23482.44406370121,25634.285714285714,42033.52673333334,20487.70407508756,22562.466666666667,2011,10,4,2,5,40,0
2011-10-06,62891.19,35433,2929,75593.63,46286.0,43749.06,25559.0,37370.15,27857.0,50866.47571428572,20825.775792075434,27359.285714285714,46097.313714285716,16576.998304519002,25041.928571428572,42884.22806666666,20814.63243723199,22815.0,2011,10,4,3,6,40,0
